config,app,repeat,gold,predicted,matched,precision,recall,f1,usd,calls,failed_steps,verified_rate
haiku-4-5__p-2026-09-25.2,12262027,1,41,39,36,0.923,0.878,0.9,0.1432,21,0,0.889
haiku-4-5__p-2026-09-25.2,12477075,1,32,39,32,0.821,1.0,0.901,0.1467,21,0,0.815
haiku-4-5__p-2026-09-25.2,14253656,1,61,66,34,0.515,0.557,0.535,0.1607,16,0,0.896
haiku-4-5__p-2026-09-25.2,16383565,1,29,25,21,0.84,0.724,0.778,0.0754,9,0,0.935
haiku-4-5__p-2026-09-25.2,16538752,1,80,40,30,0.75,0.375,0.5,0.1401,16,0,0.686
haiku-4-5__p-2026-09-25.2-no-rule3,12262027,1,41,45,32,0.711,0.78,0.744,0.1366,21,0,0.967
haiku-4-5__p-2026-09-25.2-no-rule3,12477075,1,32,36,32,0.889,1.0,0.941,0.1418,21,0,0.882
haiku-4-5__p-2026-09-25.2-no-rule3,14253656,1,61,75,27,0.36,0.443,0.397,0.1565,16,0,0.895
haiku-4-5__p-2026-09-25.2-no-rule3,16383565,1,29,25,18,0.72,0.621,0.667,0.0755,9,0,1.0
haiku-4-5__p-2026-09-25.2-no-rule3,16538752,1,80,47,40,0.851,0.5,0.63,0.1421,16,0,0.81
opus-5-5__p-2026-09-25.2,12262027,1,41,0,0,,0.0,0.0,0.0,20,20,0.0
opus-5-5__p-2026-09-25.2,12477075,1,32,0,0,,0.0,0.0,0.0,19,19,0.0
opus-5-5__p-2026-09-25.2,14253656,1,61,0,0,,0.0,0.0,0.0,15,15,0.0
opus-5-5__p-2026-09-25.2,16383565,1,29,0,0,,0.0,0.0,0.0,8,8,0.0
opus-5-5__p-2026-09-25.2,16538752,1,80,0,0,,0.0,0.0,0.0,15,15,0.0
opus-5-5__p-2026-09-25.2-no-rule3,12262027,1,41,0,0,,0.0,0.0,0.0,20,20,0.0
opus-5-5__p-2026-09-25.2-no-rule3,12477075,1,32,0,0,,0.0,0.0,0.0,19,19,0.0
opus-5-5__p-2026-09-25.2-no-rule3,14253656,1,61,0,0,,0.0,0.0,0.0,15,15,0.0
opus-5-5__p-2026-09-25.2-no-rule3,16383565,1,29,0,0,,0.0,0.0,0.0,8,8,0.0
opus-5-5__p-2026-09-25.2-no-rule3,16538752,1,80,0,0,,0.0,0.0,0.0,15,15,0.0
sonnet-5__p-2026-09-25.2,12262027,1,41,48,41,0.854,1.0,0.921,0.3538,21,0,1.0
sonnet-5__p-2026-09-25.2,12477075,1,32,33,32,0.97,1.0,0.985,0.33,21,0,1.0
sonnet-5__p-2026-09-25.2,14253656,1,61,72,59,0.819,0.967,0.887,0.4102,16,0,0.964
sonnet-5__p-2026-09-25.2,16383565,1,29,29,29,1.0,1.0,1.0,0.1999,9,0,1.0
sonnet-5__p-2026-09-25.2,16538752,1,80,86,73,0.849,0.912,0.88,0.3908,16,0,0.979
sonnet-5__p-2026-09-25.2-no-rule3,12262027,1,41,42,41,0.976,1.0,0.988,0.3492,21,0,0.982
sonnet-5__p-2026-09-25.2-no-rule3,12477075,1,32,34,32,0.941,1.0,0.97,0.3379,21,0,1.0
sonnet-5__p-2026-09-25.2-no-rule3,14253656,1,61,42,41,0.976,0.672,0.796,0.3643,16,0,0.981
sonnet-5__p-2026-09-25.2-no-rule3,16383565,1,29,23,22,0.957,0.759,0.846,0.1851,9,0,1.0
sonnet-5__p-2026-09-25.2-no-rule3,16538752,1,80,58,56,0.966,0.7,0.812,0.3482,16,0,0.971
